title,description,content,url,image,publishedat,sourcename,sourceurl,country
"Julio Velarde afirma que el Perú está cada vez peor: ""Es casi una vergüenza la situación de carencia por el ingreso per cápita""","El presidente del Banco Central de Reserva, Julio Velarde..... Remarcó que “que hay que contribuir fuertemente con el nuevo gobierno, (para el cual) se necesita gente buena"".","El presidente del Banco Central de Reserva del Perú (BCRP), Julio Velarde, advirtió que la desaceleración de la economía peruana responde, en gran parte, al menor dinamismo de la inversión en los últimos años, lo que limita la generación de empleo y ... [3193 chars]",https://larepublica.pe/economia/2026/04/24/julio-velarde-afirma-que-el-peru-esta-cada-vez-peor-es-casi-una-verguenza-la-situacion-de-carencia-por-el-ingreso-per-capita-hnews-1564080,https://imgmedia.larepublica.pe/1200x735/larepublica/original/2026/04/24/69ec1785e0f1b8a80705c1f7.jpg,2026-04-25T01:41:19Z,La República,https://larepublica.pe,Nepal
"Racing estalló contra el arbitraje: roja a los 5 minutos, gol y cánticos contra Claudio Chiqui Tapia",Adrián Fernández fue expulsado correctamente tras la intervención del VAR.Los hinchas reaccionaron con insultos contra el arbitraje y la AFA.El clima volvió a explotar tras el gol de Matías Zaracho.,"Aunque en el Cilindro de Avellaneda había mucho en juego por la pelea de Racing y Barracas Central por un lugar en los playoffs del Torneo Apertura, una de las escenas centrales del partido fue la temprana expulsión de Adrián Fernández, decidida por ... [744 chars]",https://www.clarin.com/deportes/racing-estallo-arbitraje-roja-5-minutos-gol-canticos-claudio-chiqui-tapia_0_3lgFIFdkYj.html,https://www.clarin.com/img/2026/04/24/mGaVM7YO2_2000x1500__1.jpg,2026-04-25T01:40:49Z,Clarin.com,https://www.clarin.com,Nepal
Victor Wembanyama (concussion) out for Game 3 vs. Blazers,The Spurs say Victor Wembanyama is not available for Friday night’s Game 3 against Portland in their 1st-round playoff series.,"PORTLAND, Ore. (AP) — The San Antonio Spurs said Victor Wembanyama is not available for Friday night’s Game 3 (10:30 ET, Prime Video) against Portland in the teams’ first-round playoff series while he continues to recover from a concussion.
Wembanyam... [1116 chars]",https://www.nba.com/news/spurs-victor-wembanyama-unavailable-for-game-3-against-portland-while-recovering-from-concussion,https://cdn.nba.com/manage/2026/04/GettyImages-2271894675-scaled-e1777080998629.jpg,2026-04-25T01:39:51Z,NBA,https://www.nba.com,Nepal
Popular venue Bar Bambi firebombed twice in a week,"CBD venue Bar Bambi is the target of a second arson, and police are still unable to establish a motive for almost 20 attacks across the city since early February.","April 25, 2026 — 11:39am
You have reached your maximum number of saved items.
Remove items from your saved list to add more.
Save this article for later
Add articles to your saved list and come back to them anytime.
Three men have been arrested over ... [3805 chars]",https://www.theage.com.au/national/victoria/it-s-become-a-war-zone-popular-melbourne-bar-firebombed-twice-in-a-week-20260425-p5zr01.html,https://static.ffx.io/images/$zoom_0.3026%2C$multiply_0.7554%2C$ratio_1.777778%2C$width_1059%2C$x_0%2C$y_110/t_crop_custom/q_86%2Cf_auto/7c45bb9601188a0486108d3e4ce606e6f32664e0,2026-04-25T01:39:47Z,The Age,https://www.theage.com.au,Nepal
WHO prequalifies first malaria treatment designed for youngest vulnerable patients,"Ahead of World Malaria Day on 25 April, the World Health Organization (WHO) has announced a significant step forward in the fight against malaria with the prequalification of the first treatment developed specifically for newborns and young infants weighing between two and five kilograms.","Ahead of World Malaria Day on 25 April, the World Health Organization (WHO) has announced a significant step forward in the fight against malaria with the prequalification of the first treatment developed specifically for newborns and young infants w... [3620 chars]",https://www.news-medical.net/news/20260424/WHO-prequalifies-first-malaria-treatment-designed-for-youngest-vulnerable-patients.aspx,https://www.news-medical.net/image-handler/picture/2014/7/Malaria_3-620x480.jpg,2026-04-25T01:39:00Z,News-Medical,https://www.news-medical.net,Nepal
Sechs Tote bei Luftangriffen im Südlibanon trotz Waffenruhe,"Trotz der Verlängerung der Feuerpause sind bei israelischen Angriffen im Libanon am Freitag nach libanesischen Angaben sechs Menschen getötet worden. Zwei weitere Menschen seien bei israelischen Luftangriffen im Südlibanon verletzt worden, teilte das Gesundheitsministerium in Beirut mit. Die israelische Armee hatte zuvor erklärt, sie habe sechs Hisbollah-Kämpfer bei einem Feuergefecht im südlibanesischen Dorf Bint Jbeil getötet.",US-Präsident Donald Trump hatte am Donnerstag eine Verlängerung der Waffenruhe für den Libanon um drei Wochen bekanntgegeben - sie wäre eigentlich am Sonntag ausgelaufen. Während dieser Zeit sollen Israel und die libanesische Regierung einen dauerhaf... [727 chars],https://www.sn.at/politik/weltpolitik/sechs-tote-bei-luftangriffen-im-suedlibanon-trotz-waffenruhe-art-647667,https://www.sn.at/storage/image/8/1/2/8/1118218_kriegsschaeden-im-suedlichen-libanon_metadaten_1FX1JV_lEm5N1.jpg,2026-04-25T01:39:00Z,Salzburger Nachrichten,https://www.sn.at,Nepal
Jada Pinkett Smith asks court for Bilaal Salaam to pay legal bills,"Jada Pinkett Smith has asked a judge to make Will Smith's former best friend, Bilaal Salaam, pay $49,000 in legal bills she racked up while fighting an emotional distress lawsuit he filed against her last year.","Jada Pinkett Smith is asking a judge to make Bilaal Salaam cover the $49,000 in legal fees she racked up fighting claims he made in a December lawsuit.
According to a motion filed April 20 and obtained by The Times, Pinkett Smith is asking that Salaa... [1623 chars]",https://www.latimes.com/entertainment-arts/story/2026-04-24/jada-pinkett-smith-asks-court-for-bilaal-salaam-to-pay-legal-bills,https://ca-times.brightspotcdn.com/dims4/default/c03da04/2147483647/strip/true/crop/3360x1764+0+394/resize/1200x630!/quality/75/?url=https%3A%2F%2Fcalifornia-times-brightspot.s3.amazonaws.com%2F27%2F97%2Fae66d85042ac8765f8813d7fb525%2F2155363380.jpg,2026-04-25T01:39:00Z,Los Angeles Times,https://www.latimes.com,Nepal
"Heated Rivalry, The Housemaid and Fourth Wing: TikTok launches BookTok bestseller list","The inaugural top 20 is entirely made up of female authors, with Chloe Walsh appearing most frequently.","If you've picked up a book recently, there's a good chance it's because someone on TikTok told you to.
What we read is no longer driven by bookshops or bestseller charts alone, but by a constant stream of fast, highly personal recommendations.
From r... [3941 chars]",https://www.bbc.com/news/articles/c5yxmy5gnd0o,https://ichef.bbci.co.uk/news/1024/branded_news/cffe/live/33a22000-3ff0-11f1-ac78-2112837ce2aa.jpg,2026-04-25T01:38:59Z,BBC,https://www.bbc.com,Nepal
"Aajache Rashibhavishya: आर्थिक संकटातून होईल सुटका, रखडलेली कामे लागणार मार्गी, ही चूक टाळा, आजचं राशीभविष्य",Aajache Rashibhavishya : मेष ते मीन राशींसाठी शुक्रवार खास असेल. ज्योतिषी अशोक पाटील यांनी आजचं राशीभविष्य सांगितलं आहे.,"2/ 13
वृषभ राशीच्या लोकांसाठी आजचा दिवस उत्तम असून अनेक चांगले बदल तुम्हाला दिवसभरात पाहायला मिळू शकतात. तुमच्या कामाविषयी वरिष्ठांकडून कौतुक होणार आहे. तुम्हाला प्रोमोशन मिळण्याचे देखील संकेत आहेत.
3/ 13
मिथुन राशीसाठी आजचा दिवस चांगला आहे. कामाच्या... [1818 chars]",https://news18marathi.com/photogallery/astrology/aajache-rashibhavishya-what-will-your-horoscope-be-like-on-25-april-see-in-martahi-l18w-local18-1675306.html,https://images.news18.com/news18marathi/uploads/2026/02/rashi-3-2026-02-a54033117abe4dfa6c539737e8866314-16x9.jpg,2026-04-25T01:37:00Z,News18 Marathi,https://news18marathi.com,Nepal
"Aajache Rashibhavishya: आर्थिक संकटातून होईल सुटका, रखडलेली कामे लागणार मार्गी, ही चूक टाळा, आजचं राशीभविष्य",Aajache Rashibhavishya : मेष ते मीन राशींसाठी शुक्रवार खास असेल. ज्योतिषी अशोक पाटील यांनी आजचं राशीभविष्य सांगितलं आहे.,"2/ 13
वृषभ राशीच्या लोकांसाठी आजचा दिवस उत्तम असून अनेक चांगले बदल तुम्हाला दिवसभरात पाहायला मिळू शकतात. तुमच्या कामाविषयी वरिष्ठांकडून कौतुक होणार आहे. तुम्हाला प्रोमोशन मिळण्याचे देखील संकेत आहेत.
3/ 13
मिथुन राशीसाठी आजचा दिवस चांगला आहे. कामाच्या... [1818 chars]",https://news18marathi.com/photogallery/astrology/aajache-rashibhavishya-what-will-your-horoscope-be-like-on-25-april-see-in-martahi-l18w-local18-1675306.html,https://images.news18.com/news18marathi/uploads/2026/02/rashi-3-2026-02-a54033117abe4dfa6c539737e8866314-16x9.jpg,2026-04-25T01:37:00Z,News18 Marathi,https://news18marathi.com,India
"97% Of Transactions Are Digital. So Why Does HDFC Bank Have 9,700 Branches?","HDFC Bank said 97% of payments and service transactions are digital, yet its branch network reached 9,700. Here is why the bank still has both.","HDFC Bank says 97% of its payments and service transactions now happen digitally, yet the bank also operates 9,700 branches.
If most payments and service requests are already digital, why keep building a large physical network?
The answer matters bec... [2054 chars]",https://www.ndtvprofit.com/business/97-of-transactions-are-digital-so-why-does-hdfc-bank-have-9-700-branches-11405226,"https://c.ndtvimg.com/2026-04/q20dnr8c_hdfc-bank_625x300_24_April_26.png?im=FitAndFill,algorithm=dnn,width=1080,height=607",2026-04-25T01:30:01Z,NDTV Profit,https://www.ndtvprofit.com,India
"Devendra Fadnavis On Marathi Mandatory For Auto Taxi Driver: रिक्षा-टॅक्सी चालकांना मराठी भाषा येणे अनिवार्य; संजय निरुपम-मनसेमध्ये राडा, देवेंद्र फडणवीसांची पहिली प्रतिक्रिया, म्हणाले...","Devendra Fadnavis On Marathi Mandatory For Auto Taxi Driver: मुंबई असो किंवा संपूर्ण महाराष्ट्र, मराठीला प्राधान्य देणे आणि या भाषेचा प्रचार करणे यात काहीही चुकीचे नाही, असं देवेंद्र फडणवीस म्हणाले.",Devendra Fadnavis On Marathi Mandatory For Auto Taxi Driver मुंबई: आगामी 1 मे महाराष्ट्र दिनापासून परवानाधारक रिक्षा व टॅक्सी चालकांना मराठी भाषा येणे अनिवार्य (Marathi Language) करण्यात येणार आहे. याबाबत मोटार परिवहन विभागाच्या 59 प्रादेशिक व उपप्रा... [2916 chars],https://marathi.abplive.com/news/politics/devendra-fadnavis-on-marathi-mandatory-for-auto-taxi-driver-in-maharashtra-pratap-sarnaik-sanjay-nirupan-mns-raj-thackeray-1421561,https://feeds.abplive.com/onecms/images/uploaded-images/2026/04/25/989c9f05f09ac7090ca9cf7370e563231777080466854987_original.jpg?impolicy=abp_cdn&imwidth=1200,2026-04-25T01:28:54Z,ABP Majha,https://marathi.abplive.com,India
H-1B Visas To Be Paused For 3 Years? Trump's Aides Introduce New Bill,"The bill proposes sweeping changes. It would cut the annual H-1B cap from 65,000 to 25,000 and eliminate exemptions. It would replace the lottery system with a wage-based selection process and set a minimum salary of $200,000 per year.","A group of Republican lawmakers has introduced legislation to pause the issuance of H-1B visas for three years and overhaul the programme, arguing it has disadvantaged American workers.
The proposed ""End H-1B Visa Abuse Act of 2026"", introduced by El... [3167 chars]",https://www.ndtv.com/world-news/h-1b-visas-to-be-paused-for-3-years-president-donald-trumps-aides-introduce-new-bill-end-h-1b-visa-abuse-act-of-2026-11406305,"https://c.ndtvimg.com/2025-09/jb4c7cfo_h1b-visa_625x300_04_September_25.jpeg?im=FeatureCrop,algorithm=dnn,width=1200,height=738",2026-04-25T01:28:33Z,NDTV,https://www.ndtv.com,India
"Chartist Talk: Sustained move above 24,250 can revive bullish momentum in Nifty 50, Sudeep Shah flags 2 midcap buys for the week ahead","On the derivatives front, the long-short ratio in index futures has declined further to 19.28 percent from 22.66 percent on April 21, signalling a steady build-up of short positions over the last three sessions, Sudeep Shah of SBI Securities said.","Sudeep Shah, head of technical and derivatives research at SBI Securities, notes that the market faces stiff resistance in the 24,200-24,250 zone acts, with a sustained breakout needed above this range to restore bullish momentum.
However, on other s... [9406 chars]",https://www.moneycontrol.com/news/business/markets/chartist-talk-sustained-move-above-24-250-can-revive-bullish-momentum-in-nifty-50-sudeep-shah-flags-2-midcap-buys-for-the-week-ahead-13899070.html,https://images.moneycontrol.com/static-mcnews/2025/10/20251025213936_Sudeep_ShahSBI.jpg,2026-04-25T01:27:59Z,Moneycontrol.com,https://www.moneycontrol.com,India
Tamannaah Bhatia: তমন্না ভাটিয়াকে নিয়ে 'আপত্তিকর' ও 'ইঙ্গিতপূর্ণ' মন্তব্য বর্ষীয়ান অভিনেতার! বিতর্কের জেরে ক্ষমা চাইলেন?,"Tamannaah Bhatia Controversy: তমন্না বলিউডে 'মিল্কি বিউটি' নামে পরিচিত। কিন্তু অভিনেত্রী নিজেই একাধিকবার জানিয়েছিলেন, তিনি এই ধরণের মন্তব্য় পছন্দ করেন না মোটেই।","কলকাতা: অন্নু কপূর (Annu Kapoor)। বলিউডের এই বর্ষীয়ান অভিনেতা বিভিন্ন সময়েই চর্চায় থাকেন, বিতর্কেও! আর সম্প্রতিই তমন্না ভাটিয়া (Tamannaah Bhatia)-কে নিয়ে 'আপত্তিকর' মন্তব্য করার জন্য ফের চর্চায় আসেন অভিনেতা। তমন্নার সুপারহিট 'আজ কি রাত' গানটি দেখার প... [1481 chars]",https://bengali.abplive.com/entertainment/annu-kapoor-commented-on-tamannaah-bhatia-aaj-ki-raat-controvartial-comment-entertainment-news-bollywood-1175251,https://feeds.abplive.com/onecms/images/uploaded-images/2026/04/25/71ce7ad6edae8bea88e9e2f5c89471d2177705764723749_original.jpg?impolicy=abp_cdn&imwidth=1200,2026-04-25T01:27:32Z,ABP Ananda,https://bengali.abplive.com,India
"Tharala Tar Mag Full Episode 25 April 2026; खुनी प्रियाचा भलताच गेम, संतोषनं पालटली केस; ऊर्जानं खोट्या तन्वीच्या लगावली कानशिलात, दिली चांगलीच चपराक",Tharala Tar Mag : 'ठरलं तर मग' मालिकेच्या आजच्या भागात प्रियाच्या सांगण्यावरून संतोष कोर्टात खोटी कबुली देतो आणि त्यामुळे अर्जुनची निर्दोष मुक्तता होते. ऊर्जा प्रियाला कानाखाली मारते आणि तिला चांगलीच चपराक देते.,"मुंबई - ' ठरलं तर मग ' मालिकेच्या २५ एप्रिलच्या एपिसोडमध्ये न्यायाधीश अर्जुनला त्याच्या साक्षीदाराला बोलावण्यास सांगतात आणि जर तो वेळेत आला नाही तर अर्जुनची सनद रद्द होईल असंही सांगतात. शेवटी ऊर्जा संतोषला घेऊन येते. अर्जुन, संतोषची उलट तपासणी करतो. ... [4119 chars]",https://maharashtratimes.com/entertainment/entertainment-news/television-news/tharala-tar-mag-full-episode-25-april-urja-slapped-priya-and-give-befitting-reply-to-her/articleshow/130506513.cms,https://static.langimg.com/mt/thumb/130506573/tharala-tar-mag-full-episode-25-april-2026.jpg?imgsize=50294&width=1600&height=900&resizemode=75,2026-04-25T01:26:23Z,Maharashtra Times,https://maharashtratimes.com,India
Former Test cricketer punished after retirement with 2-year ban; he had used ‘cocaine’ during a game,The 35-year-old bowling all-rounder played 69 international games for his country across 12 years. | Cricket,"Playing for Essex against Somerset, a game which his team eventually won, Bracewell admitted he had taken the banned drug hours before day two, after taking two wickets on day one. His drug test came back positive on September 25, day two of the game... [2151 chars]",https://www.hindustantimes.com/cricket/former-test-cricketer-doug-bracewell-punished-after-retirement-with-2-year-ban-he-had-used-cocaine-during-a-game-101777079451377.html,https://www.hindustantimes.com/ht-img/img/2026/04/25/550x309/CRICKET-ENGLAND-DOPING-BRACEWELL-0_1777079570037_1777079583847.JPG,2026-04-25T01:25:27Z,Hindustan Times,https://www.hindustantimes.com,India
பேடிஎம் பேமென்ட்ஸ் வங்கியின் உரிமம் ரத்து செய்தது ரிசர்வ் வங்கி.. என்ன காரணம்..?,"வங்கியை கலைப்பதற்காக ஐகோர்ட்டில் ஒரு மனுவை சமர்ப்பிக்க இருப்பதாக ரிசர்வ் வங்கி கூறியுள்ளது, The Reserve Bank has said it will file a petition in the High Court to liquidate the bank.","மும்பை,
நொய்டாவை தலைமையிடமாக கொண்டு பேடிஎம் பேமென்ட்ஸ் வங்கி கடந்த 2017-ம் ஆண்டு தொடங்கப்பட்டது. இதற்காக அந்த ஆண்டு ரிசர்வ் வங்கியிடம் இருந்து உரிமம் பெற்று இருந்தது.
தற்போது இந்த வங்கியின் உரிமம் ரத்து செய்யப்பட்டு விட்டதாக ரிசர்வ் வங்கி நேற்று அறிவ... [772 chars]",https://www.dailythanthi.com/news/india/paytm-payments-banks-licence-cancelled-by-rbi,https://media.assettype.com/dailythanthi%2F2026-04-25%2Fslmnzi9p%2Fkume.jpg?w=1200&ar=40%3A21&auto=format%2Ccompress&ogImage=true&mode=crop&enlarge=true&overlay=false&overlay_position=bottom&overlay_width=100,2026-04-25T01:23:23Z,Daily Thanthi,https://www.dailythanthi.com,India
EC suspends five Diamond Harbour cops for alleged misconduct during Bengal assembly elections,KOLKATA: The Election Commission on Friday ordered the immediate suspension of five police officers in Diamond Harbour Police District for alleged mis.,KOLKATA: The Election Commission on Friday ordered the immediate suspension of five police officers in Diamond Harbour Police District for alleged misconduct and failure to maintain neutrality in course of the Bengal assembly elections. The suspended... [924 chars],https://timesofindia.indiatimes.com/city/kolkata/ec-suspends-five-diamond-harbour-cops/articleshow/130503786.cms,"https://static.toiimg.com/thumb/msid-130507040,width-1280,height-720,imgsize-1068770,resizemode-6,overlay-toi_sw,pt-32,y_pad-600/photo.jpg",2026-04-25T01:22:00Z,The Times of India,https://timesofindia.indiatimes.com,India
Cardinals take QB Carson Beck at No. 65,"No quarterbacks were taken in the second round of the draft on Friday night, but one has come off the board with the first pick of the third round.","No quarterbacks were taken in the second round of the draft on Friday night, but one has come off the board with the first pick of the third round.
The Cardinals selected Carson Beck with the 65th overall pick. Fernando Mendoza and Ty Simpson were th... [516 chars]",https://www.nbcsports.com/nfl/profootballtalk/rumor-mill/news/cardinals-take-qb-carson-beck-at-no-65,https://nbcsports.brightspotcdn.com/dims4/default/1a64ac6/2147483647/strip/true/crop/8192x4608+0+0/resize/1440x810!/quality/90/?url=https%3A%2F%2Fnbc-sports-production-nbc-sports.s3.us-east-1.amazonaws.com%2Fbrightspot%2F2a%2F0c%2F777a930f44549029e3e260bccfca%2Fhttps-delivery-gettyimages.com%2Fdownloads%2F2272282919,2026-04-25T01:24:31Z,NBC Sports,https://www.nbcsports.com,USA
Carson Beck drafted by Cardinals at No. 65,The Arizona Cardinals drafted Miami Hurricanes quarterback Carson Beck with the No. 65 overall pick (third round).,"The Arizona Cardinals drafted Miami Hurricanes quarterback Carson Beck with the No. 65 overall pick (third round).
Beck marks the latest offensive addition for Arizona this draft following the Cardinals’ pick of running back Jeremiyah Love at No. 3 o... [1175 chars]",https://arizonasports.com/nfl/arizona-cardinals/carson-beck-draft/3618909/,https://arizonasports.com/wp-content/uploads/2026/04/carson-beck-nfl-draft-cardinals-e1777067405633.jpg,2026-04-25T01:20:56Z,Arizona Sports,https://arizonasports.com,USA
Noah Kahan Drops The Great Divide Extended Album The Last of the Bugs,"Singer Noah Kahan has surprise dropped ‘The Great Divide: The Last of the Bugs,’ an extended version of his fourth studio album, released today.","It’s been less than 24 hours since Noah Kahan released his highly anticipated fourth studio album The Great Divide, and he’s already dropping more music.
Kahan surprise dropped The Great Divide: The Last of the Bugs — an extended version of the new a... [1869 chars]",https://www.hollywoodreporter.com/music/music-news/noah-kahan-the-great-divide-extended-last-of-the-bugs-1236575365/,https://www.hollywoodreporter.com/wp-content/uploads/2026/04/LEAD-Press-Photo-Credit_-Patrick-McCormack-1-H-2026.jpg?w=1296&h=730&crop=1,2026-04-25T01:15:03Z,The Hollywood Reporter,https://www.hollywoodreporter.com,USA
Helena Bonham Carter Exits White Lotus Season 4 Cast,"Helena Bonham Carter has departed The White Lotus season 4 cast, The Hollywood Reporter has confirmed.","After being announced as part of the cast for the upcoming fourth season of The White Lotus, Helena Bonham Carter has departed the project, The Hollywood Reporter has confirmed.
“With filming just underway on season four of The White Lotus, it had be... [1604 chars]",https://www.hollywoodreporter.com/tv/tv-news/helena-bonham-carter-exits-white-lotus-season-4-1236575513/,https://www.hollywoodreporter.com/wp-content/uploads/2026/01/GettyImages-2152632908-e1769842355889.jpg?w=1440&h=810&crop=1,2026-04-25T01:02:33Z,The Hollywood Reporter,https://www.hollywoodreporter.com,USA
"Trump news at a glance: as president’s relations with Nato fray, EU leaders explore their options",Brussels officials will draw up a plan on how to use the EU’s little-known mutual assistance pact in the event of a foreign attack,"EU leaders have agreed that the European Commission “will prepare a blueprint” on how the bloc will respond if the little-known mutual assistance clause is triggered, according to Nikos Christodoulides, the president of Cyprus, who is hosting the tal... [889 chars]",https://www.theguardian.com/us-news/2026/apr/24/trump-news-at-a-glance-latest-updates-today,"https://i.guim.co.uk/img/media/59af251369c7ceeb1304c7350c45f4f8c1b67cf1/432_0_4361_3491/master/4361.jpg?width=1200&height=630&quality=85&auto=format&fit=crop&precrop=40:21,offset-x50,offset-y0&overlay-align=bottom%2Cleft&overlay-width=100p&overlay-base64=L2ltZy9zdGF0aWMvb3ZlcmxheXMvdGctZGVmYXVsdC5wbmc&enable=upscale&s=d5a4b6399ec28cc52bab0733af5a8571",2026-04-25T01:02:00Z,The Guardian,https://www.theguardian.com,USA
Gutierrez: Raiders' past meets future as Tom Flores passes No. 15 torch to Fernando Mendoza,"“It’s a privilege to have him wear my number,” Flores said.","The voice on the other end of the phone was strong, and excited.
Tom Flores, the Raiders' Hall of Fame coach and the first quarterback in franchise history, had something to say. Because after hearing Fernando Mendoza's claim that he wasn't sure if h... [3463 chars]",https://www.raiders.com/news/raiders-past-meets-future-as-tom-flores-passes-no-15-torch-to-fernando-mendoza,https://static.clubs.nfl.com/image/upload/t_editorial_landscape_12_desktop/raiders/mfexveaqwmexfrajtjau,2026-04-25T00:54:35Z,Raiders.com,https://www.raiders.com,USA
SiriusXM Said to Be in Early Talks to Acquire iHeartMedia,"A deal, which was described by two people familiar with the discussions, would unite two major providers of traditional and satellite radio.","SiriusXM is in early-stage discussions to acquire iHeartMedia, a deal that would create an audio giant with a foothold in traditional and satellite radio and podcasts, two people familiar with the discussions said Friday.
Should a deal come to fruiti... [2237 chars]",https://www.nytimes.com/2026/04/24/business/media/siriusxm-iheart-radio.html,https://static01.nyt.com/images/2026/04/24/multimedia/24biz-sirius-1-fzmk/24biz-sirius-1-fzmk-facebookJumbo.jpg,2026-04-25T00:48:26Z,The New York Times,https://www.nytimes.com,USA
"¿Quién fue Celeste Rivas Hernández, la chica de 14 años por cuya muerte se acusa al cantante d4vid?","Lo que sabemos sobre Celeste Rivas Hernández, de 14 años, a quien se acusa al cantante d4vd de abusar sexualmente de ella y de matarla.","La unida y familiar ciudad de Lake Elsinore, en el condado de Riverside, se encuentra a unos 110 kilómetros al sureste, un mundo aparte del brillo y el glamour de Hollywood Hills.
Celeste Rivas Hernández creció en Lake Elsinore, donde era una habitua... [7293 chars]",https://cnnespanol.cnn.com/2026/04/24/eeuu/quien-fue-celeste-rivas-hernandez-d4vd-muerte-trax,"https://media.cnn.com/api/v1/images/stellar/prod/celeste-rivas-20260425002535331.jpg?c=16x9&q=w_800,c_fill",2026-04-25T00:42:00Z,CNN en Español,https://cnnespanol.cnn.com,USA
Eagles select Vanderbilt tight end Eli Stowers in 2026 NFL draft,The Eagles might have selected their tight end of the future with the SEC standout.,"The Eagles entered draft weekend with short- and long-term needs at wide receiver and tight end.
With their first two picks, they selected a player who was named the top player at each position in college football last season.
Hours after they introd... [3807 chars]",https://www.inquirer.com/eagles/2026-nfl-draft-second-round-tight-end-eli-stowers-vanderbilt-20260424.html,https://www.inquirer.com/resizer/v2/Q57JLI33MZST3UGHKOIV2WHHEM.jpg?auth=75652ba7f33dbb880bbd5d3561175c2e8789054719e1aac964caf451483d54ca&width=760&height=507&smart=true,2026-04-25T00:37:34Z,Inquirer.com,https://www.inquirer.com,USA
Cowboys adquieren a Dee Winters en un canje con los 49ers,Los Cowboys realizaron un canje temprano en el Día 2 del NFL Draft 2026 para adquirir al apoyador Dee Winters de los San Francisco 49ers.,"FRISCO, Texas — Los Dallas Cowboys entraron al Día 2 del Draft de la NFL 2026 sin una selección de segunda ronda, pero no estaban dispuestos a quedarse esperando hasta su turno con la selección global número 92 en la tercera ronda, por lo que concret... [1695 chars]",https://www.dallascowboys.com/news/cowboys-adquieren-a-dee-winters-en-un-canje-con-los-49ers,https://static.clubs.nfl.com/image/upload/t_editorial_landscape_12_desktop/cowboys/affilhsjcuwins9apgxz,2026-04-25T00:31:46Z,Dallas Cowboys | Official Site of the Dallas Cowboys,https://www.dallascowboys.com,USA
"How Harry Styles, Lily Allen and other stars are helping grassroots artists",Ticket money from some stadium and arena gigs is helping support struggling grassroots artists and venues.,"At the end of their gigs, up-and-coming Norwich country-rock band Brown Horse jump from the stage to their merchandise stall.
Selling T-shirts often earns them more money than the show itself.
That income is crucial to keeping them afloat on the road... [4884 chars]",https://www.bbc.co.uk/news/articles/c2lwy12j2j8o,https://ichef.bbci.co.uk/ace/branded_news/1200/cpsprodpb/59d2/live/1074cba0-3e33-11f1-bd52-e755d604ece4.jpg,2026-04-25T01:22:36Z,BBC,https://www.bbc.co.uk,UK
Palantir under fire for X 'manifesto' from co-founder Alex Karp,The boss of the controversial tech company with UK government contracts published a 22-point plan on the future of the West.,"It's not often a thousand-word social media post from a US tech firm goes viral.
But the post from Palantir - a 22-point manifesto of sorts - currently has over 30 million views on X.
It is the work of the controversial company's co-founder and chief... [5783 chars]",https://www.bbc.co.uk/news/articles/c4gjkj7975po,https://ichef.bbci.co.uk/ace/branded_news/1200/cpsprodpb/61d7/live/ab8ccad0-3d8d-11f1-92be-b5fcda70efcc.jpg,2026-04-25T01:18:33Z,BBC,https://www.bbc.co.uk,UK
Kamonnan Thiamphanit: Man charged with murder after extradition from UAE,"Kamonnan Thiamphanit, 27, who was also known as Angela, was stabbed in Westminster in 2024.","A man has been extradited to the UK from the United Arab Emirates and charged with the murder of Kamonnan Thiamphanit, 27, who was stabbed in Westminster in 2024, the Metropolitan Police say.
Enzo Bettamio, 18, was put on a flight from Dubai to the U... [292 chars]",https://www.bbc.co.uk/news/articles/ce9mkxy0drro,https://ichef.bbci.co.uk/ace/branded_news/1200/cpsprodpb/3855/live/9daa5b90-4043-11f1-825b-b326ba12ad7f.jpg,2026-04-25T01:06:37Z,BBC,https://www.bbc.co.uk,UK
Europe's Nato allies push back at reported US threat to Spain,"On Friday morning, souring relations between Europe and the United States reared its Medusa-like head again, writes the BBC's Europe editor.","It's become a joke - through gritted teeth - these days in EU circles, that whenever leaders meet, as they did these last two days in Cyprus - expecting to discuss practicalities, such as the new EU budget - they get railroaded by yet another crisis.... [11774 chars]",https://www.bbc.co.uk/news/articles/cj40r2gw24wo,https://ichef.bbci.co.uk/ace/branded_news/1200/cpsprodpb/fcbe/live/62677690-4038-11f1-b55d-0f258dce1735.jpg,2026-04-25T00:10:51Z,BBC,https://www.bbc.co.uk,UK
Woman's harrowing last four words as she dies of lung problems after vaping habit,"Escarlen De los Santos, 30, used her last moments to warn her followers to stay off vapes and hookahs, because her habit led to her diagnosis of respiratory failure","Escarlen De los Santos, 30, used her last moments to warn her followers to stay off vapes and hookahs, because her habit led to her diagnosis of respiratory failure
A young woman used her final moments to warn her followers to ditch vapes — because t... [2784 chars]",https://www.mirror.co.uk/news/world-news/vaping-dangers-lung-failure-warning-37068227,https://i2-prod.mirror.co.uk/article37068231.ece/ALTERNATES/s1200d/2_Woman-30-dies-of-respiratory-failure-after-warning-others-about-vaping-from-death-bed.jpg,2026-04-24T23:44:00Z,The Mirror,https://www.mirror.co.uk,UK
King's 'high stakes' visit with Trump will be toughest test yet of his reign,The state visit to the US looks fraught with difficulty - but could be key to rescuing the special relationship.,"""It's high risk, high stakes and high opportunity.""
That's how a royal source describes next week's state visit by King Charles III and Queen Camilla to the United States.
There is genuine jeopardy in this US trip. It's not just a grip-and-grin photo... [10958 chars]",https://www.bbc.co.uk/news/articles/ce35xkgjqd5o,https://ichef.bbci.co.uk/ace/branded_news/1200/cpsprodpb/018f/live/30b79860-3f2e-11f1-8bc8-b593f442a966.jpg,2026-04-24T23:36:58Z,BBC,https://www.bbc.co.uk,UK
Twins found holding each other after both die from intense electrocution,"The twins, 22, were fatally electrocuted after accidentally touching high-voltage cables using a metal pole and it is believed that one of the brothers died while trying to save his twin","The twins, 22, were fatally electrocuted after accidentally touching high-voltage cables using a metal pole and it is believed that one of the brothers died while trying to save his twin
Twin brothers have been found dead in each other's arms after b... [1658 chars]",https://www.mirror.co.uk/news/world-news/twins-both-die-from-electrocution-37068214,https://i2-prod.mirror.co.uk/article37068204.ece/ALTERNATES/s1200d/1_ahead-upcoming-hunting-season-failed-1075874190.jpg,2026-04-24T23:19:00Z,The Mirror,https://www.mirror.co.uk,UK
Shabana Mahmood does not rule out sending back refused Afghan asylum seekers,"Home secretary indicates Whitehall talks about returns programme, a move that would shock humanitarian groups","Shabana Mahmood has refused to rule out sending rejected Afghan asylum seekers back to the Taliban-controlled country.
The home secretary said she is “monitoring very closely” talks between Kabul and EU countries about a returns programme for refused... [4414 chars]",https://www.theguardian.com/uk-news/2026/apr/24/shabana-mahmood-refuses-to-rule-out-sending-back-failed-afghan-asylum-seekers,"https://i.guim.co.uk/img/media/10856d4e81d21748d2761ff9b2d1139701a50ed6/0_0_2919_2336/master/2919.jpg?width=1200&height=630&quality=85&auto=format&fit=crop&precrop=40:21,offset-x50,offset-y0&overlay-align=bottom%2Cleft&overlay-width=100p&overlay-base64=L2ltZy9zdGF0aWMvb3ZlcmxheXMvdGctZGVmYXVsdC5wbmc&enable=upscale&s=905be248d9ec496f2e4de153580d72b3",2026-04-24T22:30:00Z,The Guardian,https://www.theguardian.com,UK
"US to allow firing squads, gas, and electrocution for federal executions","In a memo, the Department of Justice says the move will ""strengthen"" the death penalty and deter crime.","The US Department of Justice (DOJ) has directed federal prisons to expand the range of methods used for executions to include firing squads, gas asphyxiation and electrocution.
In a 48-page memo released on Friday, the department says this will ""stre... [2286 chars]",https://www.bbc.co.uk/news/articles/cg73l2d079ko,https://ichef.bbci.co.uk/ace/branded_news/1200/cpsprodpb/030f/live/295c8ef0-4027-11f1-9dbd-e1fa053a7cce.jpg,2026-04-24T22:15:15Z,BBC,https://www.bbc.co.uk,UK
"Murió Micaela Vogel, una exjugadora de la selección argentina de vóley","La Federación del Voleibol Argentino (FeVA) confirmó la noticia en redes sociales; la atleta, de 42 años, padecía una enfermedad - LA NACION","El vóley argentino enfrenta horas de pesar luego de que se conociera que Micaela Vogel, de 42 años y exjugadora de la selección nacional, falleció este viernes. La noticia generó un fuerte impacto dentro del ambiente deportivo, especialmente entre qu... [1494 chars]",https://www.lanacion.com.ar/deportes/voley/murio-micaela-vogel-una-exjugadora-de-la-seleccion-argentina-de-voley-nid24042026/,https://www.lanacion.com.ar/resizer/v2/micaela-5QB6M7OC6FA6LMOE6JQWKZGZRM.jpeg?auth=535e8853d5e3949442a03051681b6acbf88bb61c855ee28539e1689868713f8e&width=1200&height=800&quality=70&smart=true,2026-04-25T01:42:00Z,La Nación,https://www.lanacion.com.ar,Nepal
Sixers show plenty of fight but fall to 2-1 series deficit after tough Game 3 loss to Celtics,"In what was a thrilling game, the Sixers were outplayed down the stretch in a brutal Game 3 loss to the Celtics.","Rebounds, got to grab those, guys.
The Sixers fell short 108-100 to the Boston Celtics in Game 3 Friday night, falling down 2-1 in the series.
Tyrese Maxey, off an electric third quarter, led all scorers with 31 shooting 12-of-31 from the floor along... [5148 chars]",https://sports.yahoo.com/articles/sixers-show-plenty-fight-fall-014622439.html,https://s.yimg.com/ny/api/res/1.2/0HfX6hZuc2L3EUrYaU.Uhg--/YXBwaWQ9aGlnaGxhbmRlcjt3PTEyMDA7aD04MDE7Y2Y9d2VicA--/https://media.zenfs.com/en/sb_nation_articles_115/16e05467b86ebd1915963d856631f177,2026-04-25T01:46:22Z,Yahoo Sports,https://sports.yahoo.com,Nepal
Mustahil tapi Nyata: Kupu-kupu Ini Terbang 4.200 Km melintasi Samudera Atlantik Tanpa Berhenti,Situs berita lingkungan,Gerard Talavera tidak mempercayai matanya saat menyisir pantai di Guyana Prancis pada Oktober 2013. Talavera adalah seorang ahli biologi evolusioner dari Institut Botani Barcelona dan penjelajah National Geographic yang terbiasa melihat fenomena alam... [3982 chars],https://mongabay.co.id/2026/04/25/mustahil-tapi-nyata-kupu-kupu-ini-terbang-4-200-km-melintasi-samudera-atlantik-tanpa-berhenti/,https://indomgb.s3.amazonaws.com/wp-content/uploads/2026/04/25013059/1-ss071e449837large.width-1320.jpg,2026-04-25T01:46:09Z,Mongabay.co.id,https://mongabay.co.id,Nepal
New biorepository approach advances research on sudden cardiac arrest,A cutting-edge University of Cincinnati College of Medicine study has shown how emergency medicine researchers can partner with community emergency medical services nationwide to investigate the causes of sudden cardiac arrest.,"A cutting-edge University of Cincinnati College of Medicine study has shown how emergency medicine researchers can partner with community emergency medical services nationwide to investigate the causes of sudden cardiac arrest.
The study, ""Cincinnati... [3977 chars]",https://www.news-medical.net/news/20260424/New-biorepository-approach-advances-research-on-sudden-cardiac-arrest.aspx,https://www.news-medical.net/image-handler/picture/2014/7/Cardiac_Arrest-620x480.jpg,2026-04-25T01:46:00Z,News-Medical,https://www.news-medical.net,Nepal
Ideen er å skille Russland fra omverdenen,"Russiske myndigheter strammer grepet om internett, men møter økende motstand fra befolkningen som sliter med å drive forretning og kommunisere.","Oppsummeringen er laget med kunstig intelligens og kvalitetssikret av VGs journalister.
Flere russere protesterer mot myndighetenes innskrenking av internett.
Putin hevder begrensningene er nødvendig for å forhindre terrorangrep.
Store nedstengninger... [6684 chars]",https://www.vg.no/nyheter/i/5p3EeW/putin-stenger-internettet-ideen-er-aa-skille-russland-fra-omverdenen,https://akamai.vgc.no/v2/images/d95aea29-1883-3660-95d7-1f2db0c2d4cc?format=auto&w=1080&s=a2f444e90acca2b7c62a81ca2a95ec68142b7174,2026-04-25T01:45:17Z,VG,https://www.vg.no,Nepal
“Espero que lo haga pedazos”: Adriana Barrientos lanzó “bomba” sobre Sergio Rojas y Antonella Ríos,La opinóloga expuso nuevos antecedentes sobre el conflicto que terminó con Antonella Ríos fuera de pantalla.,"Una reveladora información entregó Adriana Barrientos sobre el abrupto despido de Antonella Ríos en Zona Latina y su conflicto con Sergio Rojas, su “jefe” en el programa “Que Te Lo Digo” (QTLD).
Tras la polémica desvinculación del canal, y el fin de ... [1703 chars]",https://www.lacuarta.com/espectaculos/noticia/espero-que-lo-haga-pedazos-adriana-barrientos-lanzo-bomba-sobre-sergio-rojas-y-antonella-rios/,https://www.lacuarta.com/resizer/v2/SQH3MKTXHFC6NKUXGBV6ONTQEI.png?auth=cea781389b9ea8ca6cf775a096bb37bc2c5e91c070fbd4cc07e8b5b8c68f619a&height=630&width=1200&smart=true,2026-04-25T01:45:16Z,La Cuarta,https://www.lacuarta.com,Nepal
Ранени след нощни руски удари в Украйна,Засегнати са няколко области,"В нощта на 25 април руски войски са изстреляли крилати ракети от стратегически бомбардировачи Ту-95МС от района на Каспийско море към Украйна. Това съобщиха украинските военновъздушни сили, цитирани от УНИАН.
Актуализирано 5:11 ч. Четирима души са ра... [2900 chars]",https://news.bg/int-politics/raneni-sled-noshtni-ruski-udari-v-ukrayna.html,https://webnews.bg/uploads/images/36/4636/754636/768x432.jpg?_=1773116171,2026-04-25T01:44:42Z,News.bg,https://news.bg,Nepal
Anzac Day weekend road toll: Two dead in Rotorua SH36 crash,Two people are dead after an early morning crash near Rotorua. The pair died after two cars collided near the intersection of State Highway 36 and Leonard Rd...,"A Hato Hone St John spokeswoman said an ambulance and rapid response unit sent to help had treated one person in a minor condition.
The person was taken to Rotorua Hospital, the spokeswoman said.
Marsh thanked those who rushed to help.
“These inciden... [2825 chars]",https://www.nzherald.co.nz/nz/anzac-day-weekend-road-toll-two-dead-in-rotorua-sh36-crash/W5DFLCPTJ5BZXICKZDQZTGIM6Q/,https://www.nzherald.co.nz/resizer/v2/2HGU2BPXFFCRBJ6XLR7WARZ5BE.JPG?auth=3d03dd2024309e8a11f50d5aed5151e3afdb362860ca54ee843319a6912d17e1&width=1200&height=675&quality=70&focal=556%2C342&smart=false,2026-04-25T01:44:38Z,NZ Herald,https://www.nzherald.co.nz,Nepal
"अशोक खरातची पोलिसांसोबत चलाखी, 38 दिवसांपासून सुटेना कोडं, गंडवण्यासाठी वापरतोय 'गजनी' ट्रीक",नाशिकचा भोंदूबाबा अशोक खरातच्या अडचणी दिवसेंदिवस वाढतच चालल्या आहेत. आतापर्यंत त्याच्याविरोधात एकूण १९ गुन्हे दाखल झाले आहेत.,"Published by :
Last Updated:Apr 25, 2026 7:20 AM IST
नाशिकचा भोंदूबाबा अशोक खरातच्या अडचणी दिवसेंदिवस वाढतच चालल्या आहेत. आतापर्यंत त्याच्याविरोधात एकूण १९ गुन्हे दाखल झाले आहेत.
नाशिकचा भोंदूबाबा अशोक खरातच्या अडचणी दिवसेंदिवस वाढतच चालल्या आहेत. आत... [1768 chars]",https://news18marathi.com/maharashtra/nashik/bhondu-baba-ashok-kharat-pretends-memory-loss-police-custody-extended-till-26-april-nashik-news-ws-l-1675323.html,https://images.news18.com/news18marathi/uploads/2026/04/mumbai-news-jia-jecab-1-2026-04-d8c541cc20a2c1f8ce3c8f650f8717b1-1200x675.jpg,2026-04-25T01:44:00Z,News18 Marathi,https://news18marathi.com,Nepal
சாத்தான்குளம் கொலை வழக்கில் 9 பேர் தூக்கு தண்டனையை உறுதிப்படுத்த வழக்கு,சாத்தான்குளம் வழக்​கில் விசா​ரணை நீதி​மன்​றம் விதித்த தூக்​குத் தண்​டனையை உறு​திப்​படுத்த சிபிஐ தரப்​பில் மனு தாக்​கல் செய்​யப்​பட்​டுள்​ளது எனத் தெரி​வித்​தனர்.,"மதுரை: ​சாத்​தான்​குளம் தந்​தை, மகன் கொலை​யில் காவல் ஆய்​வாளர் ஸ்ரீதர் உட்பட 9 பேருக்​கும் விசா​ரணை நீதி​மன்​றம் விதித்த தூக்​குத் தண்​டனையை உறு​திப்​படுத்​தக் கோரிய வழக்​கில், அனை​வரும் பதிலளிக்க உத்​தர​விடப்​பட்​டுள்​ளது.
சாத்​தான்​குளத்​தில் செல்​... [761 chars]",https://www.hindutamil.in/news/tamilnadu/case-to-confirm-the-death-sentences-of-9-individuals-in-sathankulam-murder-case,https://media.assettype.com/hindutamil-prod%2F2026-03-11%2F1xd33i1m%2FMadurai-High-Court?w=1200&ar=40%3A21&auto=format%2Ccompress&ogImage=true&mode=crop&enlarge=true&overlay=false&overlay_position=bottom&overlay_width=100,2026-04-25T01:42:59Z,Hindu Tamil Thisai,https://www.hindutamil.in,Nepal
Katso video: Poikkeuksellinen myräkkä iskee Suomeen - Ilmatieteen laitos varoittaa mittavista tuhoista,Suomea kurittava matalapaine voi aiheuttaa merkittäviä vahinkoja.,"Ilmatieteen laitos julkaisi videon, jolla näkyy ennuste viikonlopun matalapaineen liikkeistä.
Kevätmyrskystä on varoiteltu etukäteen, sillä se tuo mukaan esimerkiksi sakeaa lumisadetta ja kovia tuulia.
Video on julkaistu viestipalvelu X:ssä. Jos et n... [1004 chars]",https://www.iltalehti.fi/saauutiset/a/b5963241-694e-4204-bf9a-bba167e9f570,"https://img.ilcdn.fi/5ipLf-J6LYyp0eGf8jlJCgIQmqk=/1200x630/top/filters:watermark(assets.ilcdn.fi/ilsome_v2.jpg,25,0,0)/img-s3.ilcdn.fi/d9ad1d3f53b950261ee6d68aeb7a275c4d6aa3c096b27eff2efc51994fa44736.jpg",2026-04-25T01:42:46Z,Iltalehti,https://www.iltalehti.fi,Nepal
"अशोक खरातची पोलिसांसोबत चलाखी, 38 दिवसांपासून सुटेना कोडं, गंडवण्यासाठी वापरतोय 'गजनी' ट्रीक",नाशिकचा भोंदूबाबा अशोक खरातच्या अडचणी दिवसेंदिवस वाढतच चालल्या आहेत. आतापर्यंत त्याच्याविरोधात एकूण १९ गुन्हे दाखल झाले आहेत.,"Published by :
Last Updated:Apr 25, 2026 7:20 AM IST
नाशिकचा भोंदूबाबा अशोक खरातच्या अडचणी दिवसेंदिवस वाढतच चालल्या आहेत. आतापर्यंत त्याच्याविरोधात एकूण १९ गुन्हे दाखल झाले आहेत.
नाशिकचा भोंदूबाबा अशोक खरातच्या अडचणी दिवसेंदिवस वाढतच चालल्या आहेत. आत... [1768 chars]",https://news18marathi.com/maharashtra/nashik/bhondu-baba-ashok-kharat-pretends-memory-loss-police-custody-extended-till-26-april-nashik-news-ws-l-1675323.html,https://images.news18.com/news18marathi/uploads/2026/04/mumbai-news-jia-jecab-1-2026-04-d8c541cc20a2c1f8ce3c8f650f8717b1-1200x675.jpg,2026-04-25T01:44:00Z,News18 Marathi,https://news18marathi.com,India
சாத்தான்குளம் கொலை வழக்கில் 9 பேர் தூக்கு தண்டனையை உறுதிப்படுத்த வழக்கு,சாத்தான்குளம் வழக்​கில் விசா​ரணை நீதி​மன்​றம் விதித்த தூக்​குத் தண்​டனையை உறு​திப்​படுத்த சிபிஐ தரப்​பில் மனு தாக்​கல் செய்​யப்​பட்​டுள்​ளது எனத் தெரி​வித்​தனர்.,"மதுரை: ​சாத்​தான்​குளம் தந்​தை, மகன் கொலை​யில் காவல் ஆய்​வாளர் ஸ்ரீதர் உட்பட 9 பேருக்​கும் விசா​ரணை நீதி​மன்​றம் விதித்த தூக்​குத் தண்​டனையை உறு​திப்​படுத்​தக் கோரிய வழக்​கில், அனை​வரும் பதிலளிக்க உத்​தர​விடப்​பட்​டுள்​ளது.
சாத்​தான்​குளத்​தில் செல்​... [761 chars]",https://www.hindutamil.in/news/tamilnadu/case-to-confirm-the-death-sentences-of-9-individuals-in-sathankulam-murder-case,https://media.assettype.com/hindutamil-prod%2F2026-03-11%2F1xd33i1m%2FMadurai-High-Court?w=1200&ar=40%3A21&auto=format%2Ccompress&ogImage=true&mode=crop&enlarge=true&overlay=false&overlay_position=bottom&overlay_width=100,2026-04-25T01:42:59Z,Hindu Tamil Thisai,https://www.hindutamil.in,India
Popular venue Bar Bambi firebombed twice in a week,"CBD venue Bar Bambi is the target of a second arson, and police are still unable to establish a motive for almost 20 attacks across the city since early February.","April 25, 2026 — 11:39am
You have reached your maximum number of saved items.
Remove items from your saved list to add more.
Save this article for later
Add articles to your saved list and come back to them anytime.
Three men have been arrested over ... [3805 chars]",https://www.theage.com.au/national/victoria/it-s-become-a-war-zone-popular-melbourne-bar-firebombed-twice-in-a-week-20260425-p5zr01.html,https://static.ffx.io/images/$zoom_0.3026%2C$multiply_0.7554%2C$ratio_1.777778%2C$width_1059%2C$x_0%2C$y_110/t_crop_custom/q_86%2Cf_auto/7c45bb9601188a0486108d3e4ce606e6f32664e0,2026-04-25T01:39:47Z,The Age,https://www.theage.com.au,Australia
"Anzac Day 2026: Thousands turn out for Kings Park dawn service, RSLWA & Roger Cook condemn crowd boos",The solemn tone of the Kings Park dawn service was fractured on Saturday morning when a small number of people in the crowd booed Indigenous veteran Di Ryder.,"The solemn tone of the Kings Park dawn service was fractured on Saturday morning when a small number of people in the crowd booed Indigenous veteran Di Ryder who was giving an acknowledgement of country address.
The response from the RSLWA was immedi... [5819 chars]",https://thewest.com.au/news/anzac/anzac-day-2026-thousands-turn-out-for-kings-park-dawn-service-rslwa-chief-executive-condemns-crowd-boos-c-22187287,https://images.thewest.com.au/publication/C-22187287/595db3c8c00059fa69670fc2b430dfed75b83e18-16x9-x0y1w1640h923.jpg?imwidth=1200,2026-04-25T01:24:00Z,The West Australian,https://thewest.com.au,Australia
"Knights bombshell as Ponga shuns rival clubs, codes to ink mega extension","Knights bombshell as Ponga shuns rival clubs, codes to ink mega extension","The Knights have received a massive boost with skipper Kalyn Ponga shunning rival clubs and codes to ink a five-year contract extension with the club.
Ponga has agreed to terms five year extension which includes an option in the club’s favour for the... [3909 chars]",https://www.foxsports.com.au/nrl/nrl-premiership/nrl-2026-kalyn-ponga-signs-extension-with-newcastle-knights-shuns-roosters-rugby-union-all-blacks-contract-round-8/news-story/604f4473b6ceb240f78502e38d9d6840,https://content.api.news/v3/images/bin/2b02305cf84da12329d566687f95f39a,2026-04-25T01:17:02Z,Fox Sports,https://www.foxsports.com.au,Australia
Keep Your Files Private With This No-Scan 1TB Cloud Storage,"Through April 30 at 11:59PM PT, you can get a lifetime 1TB subscription to Koofr Cloud Storage for A$223 using code KOOFR at checkout (though prices may change at any time).","The options for cloud storage are numerous, but a lot of them have a few disqualifying caveats. Some require monthly payments while others scan your uploaded files and track your activity. Some are just too small.
Koofr Cloud Storage has a 1TB Lifeti... [1639 chars]",https://au.lifehacker.com/tech/118245/keep-your-files-private-with-this-no-scan-1tb-cloud-storage,https://sm.lifehacker.com/t/lifehacker_au/photo/default/koofr_t58x.1200.png,2026-04-25T01:01:54Z,Lifehacker,https://au.lifehacker.com,Australia
Final teams in as Hawks meet Suns to kick off HUGE Anzac Day. Follow LIVE,Follow all the action from Saturday's round seven games,"HAWTHORN and Gold Coast open a huge four-game Anzac Day at UTAS Stadium in Launceston.
The Hawks (5-1) have put a sluggish start to the season behind them to win five matches in a row for just the second time since 2018 after holding off Port Adelaid... [4737 chars]",https://www.afl.com.au/news/1502726/follow-it-live-hawks-v-suns-bombers-v-magpies-power-v-cats-dockers-v-blues-afl-round-seven-2026,https://resources.afl.com.au/afl/photo/2026/04/25/b5e69f7a-3089-4723-ad4c-22c787a8b2fd/YNF3TtwK.jpg,2026-04-25T00:30:00Z,afl.com.au,https://www.afl.com.au,Australia
"Trump administration to add firing squad, electrocution, gas asphyxiation to federal execution methods","The US is one of very few Western nations still using the death penalty, although public support for capital punishment has declined among Americans.","US President Donald Trump's administration has announced it plans to add firing squads, electrocution and gas asphyxiation as alternative methods of executing people convicted of the gravest federal crimes, noting difficulties in obtaining drugs for ... [5449 chars]",https://www.abc.net.au/news/2026-04-25/white-house-seeks-firing-squad-executions-for-federal-prisoners/106605742,https://live-production.wcms.abc-cdn.net.au/77e6232c9d1b85fe8aa7ae16f8a3b00e?impolicy=wcms_watermark_news&cropH=2357&cropW=4191&xPos=0&yPos=130&width=862&height=485&imformat=generic,2026-04-25T00:07:32Z,Australian Broadcasting Corporation,https://www.abc.net.au,Australia
"Today’s bloated NDIS would never have been greenlit, its former head says. How did we get here?",The Albanese government this week launched the most significant intervention in the disability support scheme’s history,"The national disability insurance scheme was a Labor vision brought to life with the Coalition’s blessing, an act of political bi-partisanship that would change the lives of millions of Australians and their families.
But David Bowen, the first chief... [8329 chars]",https://www.theguardian.com/australia-news/2026/apr/25/todays-bloated-ndis-would-never-have-been-greenlit-its-former-head-says-how-did-we-get-here,"https://i.guim.co.uk/img/media/5c2160386dfea084b23d5a38234593c42c1fc769/223_0_2109_1688/master/2109.jpg?width=1200&height=630&quality=85&auto=format&fit=crop&precrop=40:21,offset-x50,offset-y0&overlay-align=bottom%2Cleft&overlay-width=100p&overlay-base64=L2ltZy9zdGF0aWMvb3ZlcmxheXMvdGctZGVmYXVsdC5wbmc&enable=upscale&s=9e2ddbacdf1ea4903b5d0ea6e6148a14",2026-04-25T00:01:43Z,The Guardian,https://www.theguardian.com,Australia
Arsonists are targeting Melbourne restaurants and hospitality venues. No one seems to know why,"Unlike firebombings during the city’s tobacco wars, police say the motives for targeting at least eight businesses since 14 April remain unclear","The orders come from people they have never met: firebomb this particular address, and you’ll get paid a few hundred dollars.
There have been almost 300 tobacconists hit in Victoria since late 2023, but there are now different types of businesses tha... [4024 chars]",https://www.theguardian.com/australia-news/2026/apr/25/arsonists-melbourne-restaurants-hospitality-venues-ntwnfb,"https://i.guim.co.uk/img/media/55359a094766624ff72ba56c533e282a19ff17d7/0_0_4183_3347/master/4183.jpg?width=1200&height=630&quality=85&auto=format&fit=crop&precrop=40:21,offset-x50,offset-y0&overlay-align=bottom%2Cleft&overlay-width=100p&overlay-base64=L2ltZy9zdGF0aWMvb3ZlcmxheXMvdGctZGVmYXVsdC5wbmc&enable=upscale&s=afc56024099ac7fc14a06ce4df728bb3",2026-04-25T00:01:00Z,The Guardian,https://www.theguardian.com,Australia
Wild scenes as thousands of Aussies take over pubs on Anzac Day: 'Out of control',"Lines stretched around the block at pubs all over the city, with revellers eager for a game of two-up.","Wild scenes have emerged showing thousands of Aussies lining up in ""absurdly"" long queues outside pubs in Sydney on Anzac Day, eager for a game of two-up and to raise a glass to those who served.
Just after 8.30am, a massive line of patrons snaked ar... [3077 chars]",https://au.news.yahoo.com/wild-scenes-as-thousands-of-aussies-take-over-pubs-on-anzac-day-out-of-control-235935708.html,https://s.yimg.com/ny/api/res/1.2/L9RWek0NQkyQd3JsLGF.3A--/YXBwaWQ9aGlnaGxhbmRlcjt3PTEyMDA7aD04MDA7Y2Y9d2VicA--/https://s.yimg.com/os/creatr-uploaded-images/2026-04/51eb4c70-4037-11f1-a76f-fc554f75fde1,2026-04-24T23:59:37Z,Yahoo News Australia,https://au.news.yahoo.com,Australia
