email,age,salary,name,city,id
bob@test.com,25.0,60000.0,Bob,Chicago,103.0
chaim_mcdermott@dana.io,25.0,55000.0,Glenna Reichert,Bartholomebury,9.0
jane@example.com,25.0,55000.0,Jane Smith,,102.0
julianne.oconner@kory.org,25.0,55000.0,Patricia Lebsack,South Elvis,4.0
karley_dach@jasper.info,25.0,55000.0,Mrs. Dennis Schulist,South Christy,6.0
lucio_hettinger@annie.ca,25.0,55000.0,Chelsey Dietrich,Roscoeview,5.0
nathan@yesenia.net,25.0,55000.0,Clementine Bauch,McKenziehaven,3.0
rey.padberg@karina.biz,25.0,55000.0,Clementina Dubuque,Lebsackbury,10.0
shanna@melissa.tv,25.0,55000.0,Ervin Howell,Wisokyburgh,2.0
sherwood@rosamond.me,25.0,55000.0,Nicholas Runolfsdottir V,Aliyaview,8.0
sincere@april.biz,25.0,50000.0,Leanne Graham,Gwenborough,1.0
telly.hoeger@billy.biz,25.0,55000.0,Kurtis Weissnat,Howemouth,7.0
