id,name,email,city,post_count,completion_rate,title
1,Leanne Graham,sincere@april.biz,Gwenborough,10,55.00000000000001,sunt aut facere repellat provident occaecati excepturi optio reprehenderit
1,Leanne Graham,sincere@april.biz,Gwenborough,10,55.00000000000001,qui est esse
1,Leanne Graham,sincere@april.biz,Gwenborough,10,55.00000000000001,ea molestias quasi exercitationem repellat qui ipsa sit aut
1,Leanne Graham,sincere@april.biz,Gwenborough,10,55.00000000000001,eum et est occaecati
1,Leanne Graham,sincere@april.biz,Gwenborough,10,55.00000000000001,nesciunt quas odio
1,Leanne Graham,sincere@april.biz,Gwenborough,10,55.00000000000001,dolorem eum magni eos aperiam quia
1,Leanne Graham,sincere@april.biz,Gwenborough,10,55.00000000000001,magnam facilis autem
1,Leanne Graham,sincere@april.biz,Gwenborough,10,55.00000000000001,dolorem dolore est ipsam
1,Leanne Graham,sincere@april.biz,Gwenborough,10,55.00000000000001,nesciunt iure omnis dolorem tempora et accusantium
1,Leanne Graham,sincere@april.biz,Gwenborough,10,55.00000000000001,optio molestias id quia eum
2,Ervin Howell,shanna@melissa.tv,Wisokyburgh,10,40.0,et ea vero quia laudantium autem
2,Ervin Howell,shanna@melissa.tv,Wisokyburgh,10,40.0,in quibusdam tempore odit est dolorem
2,Ervin Howell,shanna@melissa.tv,Wisokyburgh,10,40.0,dolorum ut in voluptas mollitia et saepe quo animi
2,Ervin Howell,shanna@melissa.tv,Wisokyburgh,10,40.0,voluptatem eligendi optio
2,Ervin Howell,shanna@melissa.tv,Wisokyburgh,10,40.0,eveniet quod temporibus
2,Ervin Howell,shanna@melissa.tv,Wisokyburgh,10,40.0,sint suscipit perspiciatis velit dolorum rerum ipsa laboriosam odio
2,Ervin Howell,shanna@melissa.tv,Wisokyburgh,10,40.0,fugit voluptas sed molestias voluptatem provident
2,Ervin Howell,shanna@melissa.tv,Wisokyburgh,10,40.0,voluptate et itaque vero tempora molestiae
2,Ervin Howell,shanna@melissa.tv,Wisokyburgh,10,40.0,adipisci placeat illum aut reiciendis qui
2,Ervin Howell,shanna@melissa.tv,Wisokyburgh,10,40.0,doloribus ad provident suscipit at
3,Clementine Bauch,nathan@yesenia.net,McKenziehaven,10,35.0,asperiores ea ipsam voluptatibus modi minima quia sint
3,Clementine Bauch,nathan@yesenia.net,McKenziehaven,10,35.0,dolor sint quo a velit explicabo quia nam
3,Clementine Bauch,nathan@yesenia.net,McKenziehaven,10,35.0,maxime id vitae nihil numquam
3,Clementine Bauch,nathan@yesenia.net,McKenziehaven,10,35.0,autem hic labore sunt dolores incidunt
3,Clementine Bauch,nathan@yesenia.net,McKenziehaven,10,35.0,rem alias distinctio quo quis
3,Clementine Bauch,nathan@yesenia.net,McKenziehaven,10,35.0,est et quae odit qui non
3,Clementine Bauch,nathan@yesenia.net,McKenziehaven,10,35.0,quasi id et eos tenetur aut quo autem
3,Clementine Bauch,nathan@yesenia.net,McKenziehaven,10,35.0,delectus ullam et corporis nulla voluptas sequi
3,Clementine Bauch,nathan@yesenia.net,McKenziehaven,10,35.0,iusto eius quod necessitatibus culpa ea
3,Clementine Bauch,nathan@yesenia.net,McKenziehaven,10,35.0,a quo magni similique perferendis
4,Patricia Lebsack,julianne.oconner@kory.org,South Elvis,10,30.0,ullam ut quidem id aut vel consequuntur
4,Patricia Lebsack,julianne.oconner@kory.org,South Elvis,10,30.0,doloremque illum aliquid sunt
4,Patricia Lebsack,julianne.oconner@kory.org,South Elvis,10,30.0,qui explicabo molestiae dolorem
4,Patricia Lebsack,julianne.oconner@kory.org,South Elvis,10,30.0,magnam ut rerum iure
4,Patricia Lebsack,julianne.oconner@kory.org,South Elvis,10,30.0,id nihil consequatur molestias animi provident
4,Patricia Lebsack,julianne.oconner@kory.org,South Elvis,10,30.0,fuga nam accusamus voluptas reiciendis itaque
4,Patricia Lebsack,julianne.oconner@kory.org,South Elvis,10,30.0,provident vel ut sit ratione est
4,Patricia Lebsack,julianne.oconner@kory.org,South Elvis,10,30.0,explicabo et eos deleniti nostrum ab id repellendus
4,Patricia Lebsack,julianne.oconner@kory.org,South Elvis,10,30.0,eos dolorem iste accusantium est eaque quam
4,Patricia Lebsack,julianne.oconner@kory.org,South Elvis,10,30.0,enim quo cumque
5,Chelsey Dietrich,lucio_hettinger@annie.ca,Roscoeview,10,60.0,non est facere
5,Chelsey Dietrich,lucio_hettinger@annie.ca,Roscoeview,10,60.0,commodi ullam sint et excepturi error explicabo praesentium voluptas
5,Chelsey Dietrich,lucio_hettinger@annie.ca,Roscoeview,10,60.0,eligendi iste nostrum consequuntur adipisci praesentium sit beatae perferendis
5,Chelsey Dietrich,lucio_hettinger@annie.ca,Roscoeview,10,60.0,optio dolor molestias sit
5,Chelsey Dietrich,lucio_hettinger@annie.ca,Roscoeview,10,60.0,ut numquam possimus omnis eius suscipit laudantium iure
5,Chelsey Dietrich,lucio_hettinger@annie.ca,Roscoeview,10,60.0,aut quo modi neque nostrum ducimus
5,Chelsey Dietrich,lucio_hettinger@annie.ca,Roscoeview,10,60.0,quibusdam cumque rem aut deserunt
5,Chelsey Dietrich,lucio_hettinger@annie.ca,Roscoeview,10,60.0,ut voluptatem illum ea doloribus itaque eos
5,Chelsey Dietrich,lucio_hettinger@annie.ca,Roscoeview,10,60.0,laborum non sunt aut ut assumenda perspiciatis voluptas
5,Chelsey Dietrich,lucio_hettinger@annie.ca,Roscoeview,10,60.0,repellendus qui recusandae incidunt voluptates tenetur qui omnis exercitationem
6,Mrs. Dennis Schulist,karley_dach@jasper.info,South Christy,10,30.0,soluta aliquam aperiam consequatur illo quis voluptas
6,Mrs. Dennis Schulist,karley_dach@jasper.info,South Christy,10,30.0,qui enim et consequuntur quia animi quis voluptate quibusdam
6,Mrs. Dennis Schulist,karley_dach@jasper.info,South Christy,10,30.0,ut quo aut ducimus alias
6,Mrs. Dennis Schulist,karley_dach@jasper.info,South Christy,10,30.0,sit asperiores ipsam eveniet odio non quia
6,Mrs. Dennis Schulist,karley_dach@jasper.info,South Christy,10,30.0,sit vel voluptatem et non libero
6,Mrs. Dennis Schulist,karley_dach@jasper.info,South Christy,10,30.0,qui et at rerum necessitatibus
6,Mrs. Dennis Schulist,karley_dach@jasper.info,South Christy,10,30.0,sed ab est est
6,Mrs. Dennis Schulist,karley_dach@jasper.info,South Christy,10,30.0,voluptatum itaque dolores nisi et quasi
6,Mrs. Dennis Schulist,karley_dach@jasper.info,South Christy,10,30.0,qui commodi dolor at maiores et quis id accusantium
6,Mrs. Dennis Schulist,karley_dach@jasper.info,South Christy,10,30.0,consequatur placeat omnis quisquam quia reprehenderit fugit veritatis facere
7,Kurtis Weissnat,telly.hoeger@billy.biz,Howemouth,10,45.0,voluptatem doloribus consectetur est ut ducimus
7,Kurtis Weissnat,telly.hoeger@billy.biz,Howemouth,10,45.0,beatae enim quia vel
7,Kurtis Weissnat,telly.hoeger@billy.biz,Howemouth,10,45.0,voluptas blanditiis repellendus animi ducimus error sapiente et suscipit
7,Kurtis Weissnat,telly.hoeger@billy.biz,Howemouth,10,45.0,et fugit quas eum in in aperiam quod
7,Kurtis Weissnat,telly.hoeger@billy.biz,Howemouth,10,45.0,consequatur id enim sunt et et
7,Kurtis Weissnat,telly.hoeger@billy.biz,Howemouth,10,45.0,repudiandae ea animi iusto
7,Kurtis Weissnat,telly.hoeger@billy.biz,Howemouth,10,45.0,aliquid eos sed fuga est maxime repellendus
7,Kurtis Weissnat,telly.hoeger@billy.biz,Howemouth,10,45.0,odio quis facere architecto reiciendis optio
7,Kurtis Weissnat,telly.hoeger@billy.biz,Howemouth,10,45.0,fugiat quod pariatur odit minima
7,Kurtis Weissnat,telly.hoeger@billy.biz,Howemouth,10,45.0,voluptatem laborum magni
8,Nicholas Runolfsdottir V,sherwood@rosamond.me,Aliyaview,10,55.00000000000001,et iusto veniam et illum aut fuga
8,Nicholas Runolfsdottir V,sherwood@rosamond.me,Aliyaview,10,55.00000000000001,sint hic doloribus consequatur eos non id
8,Nicholas Runolfsdottir V,sherwood@rosamond.me,Aliyaview,10,55.00000000000001,consequuntur deleniti eos quia temporibus ab aliquid at
8,Nicholas Runolfsdottir V,sherwood@rosamond.me,Aliyaview,10,55.00000000000001,enim unde ratione doloribus quas enim ut sit sapiente
8,Nicholas Runolfsdottir V,sherwood@rosamond.me,Aliyaview,10,55.00000000000001,dignissimos eum dolor ut enim et delectus in
8,Nicholas Runolfsdottir V,sherwood@rosamond.me,Aliyaview,10,55.00000000000001,doloremque officiis ad et non perferendis
8,Nicholas Runolfsdottir V,sherwood@rosamond.me,Aliyaview,10,55.00000000000001,necessitatibus quasi exercitationem odio
8,Nicholas Runolfsdottir V,sherwood@rosamond.me,Aliyaview,10,55.00000000000001,quam voluptatibus rerum veritatis
8,Nicholas Runolfsdottir V,sherwood@rosamond.me,Aliyaview,10,55.00000000000001,pariatur consequatur quia magnam autem omnis non amet
8,Nicholas Runolfsdottir V,sherwood@rosamond.me,Aliyaview,10,55.00000000000001,labore in ex et explicabo corporis aut quas
9,Glenna Reichert,chaim_mcdermott@dana.io,Bartholomebury,10,40.0,tempora rem veritatis voluptas quo dolores vero
9,Glenna Reichert,chaim_mcdermott@dana.io,Bartholomebury,10,40.0,laudantium voluptate suscipit sunt enim enim
9,Glenna Reichert,chaim_mcdermott@dana.io,Bartholomebury,10,40.0,odit et voluptates doloribus alias odio et
9,Glenna Reichert,chaim_mcdermott@dana.io,Bartholomebury,10,40.0,optio ipsam molestias necessitatibus occaecati facilis veritatis dolores aut
9,Glenna Reichert,chaim_mcdermott@dana.io,Bartholomebury,10,40.0,dolore veritatis porro provident adipisci blanditiis et sunt
9,Glenna Reichert,chaim_mcdermott@dana.io,Bartholomebury,10,40.0,placeat quia et porro iste
9,Glenna Reichert,chaim_mcdermott@dana.io,Bartholomebury,10,40.0,nostrum quis quasi placeat
9,Glenna Reichert,chaim_mcdermott@dana.io,Bartholomebury,10,40.0,sapiente omnis fugit eos
9,Glenna Reichert,chaim_mcdermott@dana.io,Bartholomebury,10,40.0,sint soluta et vel magnam aut ut sed qui
9,Glenna Reichert,chaim_mcdermott@dana.io,Bartholomebury,10,40.0,ad iusto omnis odit dolor voluptatibus
10,Clementina DuBuque,rey.padberg@karina.biz,Lebsackbury,10,60.0,aut amet sed
10,Clementina DuBuque,rey.padberg@karina.biz,Lebsackbury,10,60.0,ratione ex tenetur perferendis
10,Clementina DuBuque,rey.padberg@karina.biz,Lebsackbury,10,60.0,beatae soluta recusandae
10,Clementina DuBuque,rey.padberg@karina.biz,Lebsackbury,10,60.0,qui qui voluptates illo iste minima
10,Clementina DuBuque,rey.padberg@karina.biz,Lebsackbury,10,60.0,id minus libero illum nam ad officiis
10,Clementina DuBuque,rey.padberg@karina.biz,Lebsackbury,10,60.0,quaerat velit veniam amet cupiditate aut numquam ut sequi
10,Clementina DuBuque,rey.padberg@karina.biz,Lebsackbury,10,60.0,quas fugiat ut perspiciatis vero provident
10,Clementina DuBuque,rey.padberg@karina.biz,Lebsackbury,10,60.0,laboriosam dolor voluptates
10,Clementina DuBuque,rey.padberg@karina.biz,Lebsackbury,10,60.0,temporibus sit alias delectus eligendi possimus magni
10,Clementina DuBuque,rey.padberg@karina.biz,Lebsackbury,10,60.0,at nam consequatur ea labore ea harum
