userId,id,title,body,word_count
1,1,Sunt Aut Facere Repellat Provident Occaecati Excepturi Optio Reprehenderit,quia et suscipit suscipit recusandae consequuntur expedita et cum reprehenderit molestiae ut ut quas totam nostrum rerum est autem sunt rem eveniet architecto,9
1,3,Ea Molestias Quasi Exercitationem Repellat Qui Ipsa Sit Aut,et iusto sed quo iure voluptatem occaecati omnis eligendi aut ad voluptatem doloribus vel accusantium quis pariatur molestiae porro eius odio et labore et velit aut,9
1,4,Eum Et Est Occaecati,ullam et saepe reiciendis voluptatem adipisci sit amet autem assumenda provident rerum culpa quis hic commodi nesciunt rem tenetur doloremque ipsam iure quis sunt voluptatem rerum illo velit,4
1,6,Dolorem Eum Magni Eos Aperiam Quia,ut aspernatur corporis harum nihil quis provident sequi mollitia nobis aliquid molestiae perspiciatis et ea nemo ab reprehenderit accusantium quas voluptate dolores velit et doloremque molestiae,6
1,8,Dolorem Dolore Est Ipsam,dignissimos aperiam dolorem qui eum facilis quibusdam animi sint suscipit qui sint possimus cum quaerat magni maiores excepturi ipsam ut commodi dolor voluptatum modi aut vitae,4
1,9,Nesciunt Iure Omnis Dolorem Tempora Et Accusantium,consectetur animi nesciunt iure dolore enim quia ad veniam autem ut quam aut nobis et est aut quod aut provident voluptas autem voluptas,7
1,10,Optio Molestias Id Quia Eum,quo et expedita modi cum officia vel magni doloribus qui repudiandae vero nisi sit quos veniam quod sed accusamus veritatis error,5
2,11,Et Ea Vero Quia Laudantium Autem,delectus reiciendis molestiae occaecati non minima eveniet qui voluptatibus accusamus in eum beatae sit vel qui neque voluptates ut commodi qui incidunt ut animi commodi,6
2,12,In Quibusdam Tempore Odit Est Dolorem,itaque id aut magnam praesentium quia et ea odit et ea voluptas et sapiente quia nihil amet occaecati quia id voluptatem incidunt ea est distinctio odio,6
2,13,Dolorum Ut In Voluptas Mollitia Et Saepe Quo Animi,aut dicta possimus sint mollitia voluptas commodi quo doloremque iste corrupti reiciendis voluptatem eius rerum sit cumque quod eligendi laborum minima perferendis recusandae assumenda consectetur porro architecto ipsum ipsam,9
2,16,Sint Suscipit Perspiciatis Velit Dolorum Rerum Ipsa Laboriosam Odio,suscipit nam nisi quo aperiam aut asperiores eos fugit maiores voluptatibus quia voluptatem quis ullam qui in alias quia est consequatur magni mollitia accusamus ea nisi voluptate dicta,9
2,17,Fugit Voluptas Sed Molestias Voluptatem Provident,eos voluptas et aut odit natus earum aspernatur fuga molestiae ullam deserunt ratione qui eos qui nihil ratione nemo velit ut aut id quo,6
2,18,Voluptate Et Itaque Vero Tempora Molestiae,eveniet quo quis laborum totam consequatur non dolor ut et est repudiandae est voluptatem vel debitis et magnam,6
2,19,Adipisci Placeat Illum Aut Reiciendis Qui,illum quis cupiditate provident sit magnam ea sed aut omnis veniam maiores ullam consequatur atque adipisci quo iste expedita sit quos voluptas,6
2,20,Doloribus Ad Provident Suscipit At,qui consequuntur ducimus possimus quisquam amet similique suscipit porro ipsam amet eos veritatis officiis exercitationem vel fugit aut necessitatibus totam omnis rerum consequatur expedita quidem cumque explicabo,5
3,21,Asperiores Ea Ipsam Voluptatibus Modi Minima Quia Sint,repellat aliquid praesentium dolorem quo sed totam minus non itaque nihil labore molestiae sunt dolor eveniet hic recusandae veniam tempora et tenetur expedita sunt,8
3,22,Dolor Sint Quo A Velit Explicabo Quia Nam,eos qui et ipsum ipsam suscipit aut sed omnis non odio expedita earum mollitia molestiae aut atque rem suscipit nam impedit esse,8
3,23,Maxime Id Vitae Nihil Numquam,veritatis unde neque eligendi quae quod architecto quo neque vitae est illo sit tempora doloremque fugit quod et et vel beatae sequi ullam sed tenetur perspiciatis,5
3,24,Autem Hic Labore Sunt Dolores Incidunt,enim et ex nulla omnis voluptas quia qui voluptatem consequatur numquam aliquam sunt totam recusandae id dignissimos aut sed asperiores deserunt,6
3,25,Rem Alias Distinctio Quo Quis,ullam consequatur ut omnis quis sit vel consequuntur ipsa eligendi ipsum molestiae et omnis error nostrum molestiae illo tempore quia et distinctio,5
3,26,Est Et Quae Odit Qui Non,similique esse doloribus nihil accusamus omnis dolorem fuga consequuntur reprehenderit fugit recusandae temporibus perspiciatis cum ut laudantium omnis aut molestiae vel vero,6
3,27,Quasi Id Et Eos Tenetur Aut Quo Autem,eum sed dolores ipsam sint possimus debitis occaecati debitis qui qui et ut placeat enim earum aut odit facilis consequatur suscipit necessitatibus rerum sed inventore temporibus consequatur,8
3,28,Delectus Ullam Et Corporis Nulla Voluptas Sequi,non et quaerat ex quae ad maiores maiores recusandae totam aut blanditiis mollitia quas illo ut voluptatibus voluptatem similique nostrum eum,7
3,29,Iusto Eius Quod Necessitatibus Culpa Ea,odit magnam ut saepe sed non qui tempora atque nihil accusamus illum doloribus illo dolor eligendi repudiandae odit magni similique sed cum maiores,6
3,30,A Quo Magni Similique Perferendis,alias dolor cumque impedit blanditiis non eveniet odio maxime blanditiis amet eius quis tempora quia autem rem a provident perspiciatis quia,5
4,31,Ullam Ut Quidem Id Aut Vel Consequuntur,debitis eius sed quibusdam non quis consectetur vitae impedit ut qui consequatur sed aut in quidem sit nostrum et maiores adipisci atque quaerat voluptatem adipisci repudiandae,7
4,32,Doloremque Illum Aliquid Sunt,deserunt eos nobis asperiores et hic est debitis repellat molestiae optio nihil ratione ut eos beatae quibusdam distinctio maiores earum voluptates et aut adipisci ea maiores voluptas maxime,4
4,33,Qui Explicabo Molestiae Dolorem,rerum ut et numquam laborum odit est sit id qui sint in quasi tenetur tempore aperiam et quaerat qui in rerum officiis sequi cumque quod,4
4,34,Magnam Ut Rerum Iure,ea velit perferendis earum ut voluptatem voluptate itaque iusto totam pariatur in nemo voluptatem voluptatem autem magni tempora minima in est distinctio qui assumenda accusamus dignissimos officia nesciunt nobis,4
4,35,Id Nihil Consequatur Molestias Animi Provident,nisi error delectus possimus ut eligendi vitae placeat eos harum cupiditate facilis reprehenderit voluptatem beatae modi ducimus quo illum voluptas eligendi et nobis quia fugit,6
4,36,Fuga Nam Accusamus Voluptas Reiciendis Itaque,ad mollitia et omnis minus architecto odit voluptas doloremque maxime aut non ipsa qui alias veniam blanditiis culpa aut quia nihil cumque facere et occaecati qui aspernatur quia eaque ut aperiam inventore,6
4,37,Provident Vel Ut Sit Ratione Est,debitis et eaque non officia sed nesciunt pariatur vel voluptatem iste vero et ea numquam aut expedita ipsum nulla in voluptates omnis consequatur aut enim officiis in quam qui,6
4,38,Explicabo Et Eos Deleniti Nostrum Ab Id Repellendus,animi esse sit aut sit nesciunt assumenda eum voluptas quia voluptatibus provident quia necessitatibus ea rerum repudiandae quia voluptatem delectus fugit aut id quia ratione optio eos iusto veniam iure,8
4,39,Eos Dolorem Iste Accusantium Est Eaque Quam,corporis rerum ducimus vel eum accusantium maxime aspernatur a porro possimus iste omnis est in deleniti asperiores fuga aut voluptas sapiente vel dolore minus voluptatem incidunt ex,7
5,42,Commodi Ullam Sint Et Excepturi Error Explicabo Praesentium Voluptas,odio fugit voluptatum ducimus earum autem est incidunt voluptatem odit reiciendis aliquam sunt sequi nulla dolorem non facere repellendus voluptates quia ratione harum vitae ut,9
5,43,Eligendi Iste Nostrum Consequuntur Adipisci Praesentium Sit Beatae Perferendis,similique fugit est illum et dolorum harum et voluptate eaque quidem exercitationem quos nam commodi possimus cum odio nihil nulla dolorum exercitationem magnam ex et a et distinctio debitis,9
5,44,Optio Dolor Molestias Sit,temporibus est consectetur dolore et libero debitis vel velit laboriosam quia ipsum quibusdam qui itaque fuga rem aut ea et iure quam sed maxime ut distinctio quae,4
5,45,Ut Numquam Possimus Omnis Eius Suscipit Laudantium Iure,est natus reiciendis nihil possimus aut provident ex et dolor repellat pariatur est nobis rerum repellendus dolorem autem,8
5,46,Aut Quo Modi Neque Nostrum Ducimus,voluptatem quisquam iste voluptatibus natus officiis facilis dolorem quis quas ipsam vel et voluptatum in aliquid,6
5,47,Quibusdam Cumque Rem Aut Deserunt,voluptatem assumenda ut qui ut cupiditate aut impedit veniam occaecati nemo illum voluptatem laudantium molestiae beatae rerum ea iure soluta nostrum eligendi et voluptate,5
5,48,Ut Voluptatem Illum Ea Doloribus Itaque Eos,voluptates quo voluptatem facilis iure occaecati vel assumenda rerum officia et illum perspiciatis ab deleniti laudantium repellat ad ut et autem reprehenderit,7
5,49,Laborum Non Sunt Aut Ut Assumenda Perspiciatis Voluptas,inventore ab sint natus fugit id nulla sequi architecto nihil quaerat eos tenetur in in eum veritatis non quibusdam officiis aspernatur cumque aut commodi aut,8
5,50,Repellendus Qui Recusandae Incidunt Voluptates Tenetur Qui Omnis Exercitationem,error suscipit maxime adipisci consequuntur recusandae voluptas eligendi et est et voluptates quia distinctio ab amet quaerat molestiae et vitae adipisci impedit sequi nesciunt quis consectetur,9
6,51,Soluta Aliquam Aperiam Consequatur Illo Quis Voluptas,sunt dolores aut doloribus dolore doloribus voluptates tempora et doloremque et quo cum asperiores sit consectetur dolorem,7
6,52,Qui Enim Et Consequuntur Quia Animi Quis Voluptate Quibusdam,iusto est quibusdam fuga quas quaerat molestias a enim ut sit accusamus enim temporibus iusto accusantium provident architecto soluta esse reprehenderit qui laborum,9
6,53,Ut Quo Aut Ducimus Alias,minima harum praesentium eum rerum illo dolore quasi exercitationem rerum nam porro quis neque quo consequatur minus dolor quidem veritatis sunt non explicabo similique,5
6,54,Sit Asperiores Ipsam Eveniet Odio Non Quia,totam corporis dignissimos vitae dolorem ut occaecati accusamus ex velit deserunt et exercitationem vero incidunt corrupti mollitia,7
6,55,Sit Vel Voluptatem Et Non Libero,debitis excepturi ea perferendis harum libero optio eos accusamus cum fuga ut sapiente repudiandae et ut incidunt omnis molestiae nihil ut eum odit,6
6,56,Qui Et At Rerum Necessitatibus,aut est omnis dolores neque rerum quod ea rerum velit pariatur beatae excepturi et provident voluptas corrupti corporis harum reprehenderit dolores eligendi,5
6,57,Sed Ab Est Est,at pariatur consequuntur earum quidem quo est laudantium soluta voluptatem qui ullam et est et cum voluptas voluptatum repellat est,4
6,58,Voluptatum Itaque Dolores Nisi Et Quasi,veniam voluptatum quae adipisci id et id quia eos ad et dolorem aliquam quo nisi sunt eos impedit error ad similique veniam,6
6,59,Qui Commodi Dolor At Maiores Et Quis Id Accusantium,perspiciatis et quam ea autem temporibus non voluptatibus qui beatae a earum officia nesciunt dolores suscipit voluptas et animi doloribus cum rerum quas et magni et hic ut ut commodi expedita sunt,9
6,60,Consequatur Placeat Omnis Quisquam Quia Reprehenderit Fugit Veritatis Facere,asperiores sunt ab assumenda cumque modi velit qui esse omnis voluptate et fuga perferendis voluptas illo ratione amet aut et omnis,9
7,61,Voluptatem Doloribus Consectetur Est Ut Ducimus,ab nemo optio odio delectus tenetur corporis similique nobis repellendus rerum omnis facilis vero blanditiis debitis in nesciunt doloribus dicta dolores magnam minus velit,6
7,62,Beatae Enim Quia Vel,enim aspernatur illo distinctio quae praesentium beatae alias amet delectus qui voluptate distinctio odit sint accusantium autem omnis quo molestiae omnis ea eveniet optio,4
7,63,Voluptas Blanditiis Repellendus Animi Ducimus Error Sapiente Et Suscipit,enim adipisci aspernatur nemo numquam omnis facere dolorem dolor ex quis temporibus incidunt ab delectus culpa quo reprehenderit blanditiis asperiores accusantium ut quam in voluptatibus voluptas ipsam dicta,9
7,64,Et Fugit Quas Eum In In Aperiam Quod,id velit blanditiis eum ea voluptatem molestiae sint occaecati est eos perspiciatis incidunt a error provident eaque aut aut qui,8
7,65,Consequatur Id Enim Sunt Et Et,voluptatibus ex esse sint explicabo est aliquid cumque adipisci fuga repellat labore molestiae corrupti ex saepe at asperiores et perferendis natus id esse incidunt pariatur,6
7,66,Repudiandae Ea Animi Iusto,officia veritatis tenetur vero qui itaque sint non ratione sed et ut asperiores iusto eos molestiae nostrum veritatis quibusdam et nemo iusto saepe,4
7,67,Aliquid Eos Sed Fuga Est Maxime Repellendus,reprehenderit id nostrum voluptas doloremque pariatur sint et accusantium quia quod aspernatur et fugiat amet non sapiente et consequatur necessitatibus molestiae,7
7,68,Odio Quis Facere Architecto Reiciendis Optio,magnam molestiae perferendis quisquam qui cum reiciendis quaerat animi amet hic inventore ea quia deleniti quidem saepe porro velit,6
7,69,Fugiat Quod Pariatur Odit Minima,officiis error culpa consequatur modi asperiores et dolorum assumenda voluptas et vel qui aut vel rerum voluptatum quisquam perspiciatis quia rerum consequatur totam quas sequi commodi repudiandae asperiores et saepe a,5
8,71,Et Iusto Veniam Et Illum Aut Fuga,occaecati a doloribus iste saepe consectetur placeat eum voluptate dolorem et qui quo quia voluptas rerum ut id enim velit est perferendis,7
8,72,Sint Hic Doloribus Consequatur Eos Non Id,quam occaecati qui deleniti consectetur consequatur aut facere quas exercitationem aliquam hic voluptas neque id sunt ut aut accusamus sunt consectetur expedita inventore velit,7
8,73,Consequuntur Deleniti Eos Quia Temporibus Ab Aliquid At,voluptatem cumque tenetur consequatur expedita ipsum nemo quia explicabo aut eum minima consequatur tempore cumque quae est et et in consequuntur voluptatem voluptates aut,8
8,74,Enim Unde Ratione Doloribus Quas Enim Ut Sit Sapiente,odit qui et et necessitatibus sint veniam mollitia amet doloremque molestiae commodi similique magnam et quam blanditiis est itaque quo et tenetur ratione occaecati molestiae tempora,9
8,75,Dignissimos Eum Dolor Ut Enim Et Delectus In,commodi non non omnis et voluptas sit autem aut nobis magnam et sapiente voluptatem et laborum repellat qui delectus facilis temporibus rerum amet et nemo voluptate expedita adipisci error dolorem,8
8,76,Doloremque Officiis Ad Et Non Perferendis,ut animi facere totam iusto tempore molestiae eum aut et dolorem aperiam quaerat recusandae totam odio,6
8,77,Necessitatibus Quasi Exercitationem Odio,modi ut in nulla repudiandae dolorum nostrum eos aut consequatur omnis ut incidunt est omnis iste et quam voluptates sapiente aliquam asperiores nobis amet corrupti repudiandae provident,4
8,78,Quam Voluptatibus Rerum Veritatis,nobis facilis odit tempore cupiditate quia assumenda doloribus rerum qui ea illum et qui totam aut veniam repellendus,4
8,79,Pariatur Consequatur Quia Magnam Autem Omnis Non Amet,libero accusantium et et facere incidunt sit dolorem non excepturi qui quia sed laudantium quisquam molestiae ducimus est officiis esse molestiae iste et quos,8
8,80,Labore In Ex Et Explicabo Corporis Aut Quas,ex quod dolorem ea eum iure qui provident amet quia qui facere excepturi et repudiandae asperiores molestias provident minus incidunt vero fugit rerum sint sunt excepturi provident,8
9,81,Tempora Rem Veritatis Voluptas Quo Dolores Vero,facere qui nesciunt est voluptatum voluptatem nisi sequi eligendi necessitatibus ea at rerum itaque harum non ratione velit laboriosam quis consequuntur ex officiis minima doloremque voluptas ut aut,7
9,82,Laudantium Voluptate Suscipit Sunt Enim Enim,ut libero sit aut totam inventore sunt porro sint qui sunt molestiae consequatur cupiditate qui iste ducimus adipisci dolor enim assumenda soluta laboriosam amet iste delectus hic,6
9,83,Odit Et Voluptates Doloribus Alias Odio Et,est molestiae facilis quis tempora numquam nihil qui voluptate sapiente consequatur est qui necessitatibus autem aut ipsa aperiam modi dolore numquam reprehenderit eius rem quibusdam,7
9,84,Optio Ipsam Molestias Necessitatibus Occaecati Facilis Veritatis Dolores Aut,sint molestiae magni a et quos eaque et quasi ut rerum debitis similique veniam recusandae dignissimos dolor incidunt consequatur odio,9
9,85,Dolore Veritatis Porro Provident Adipisci Blanditiis Et Sunt,similique sed nisi voluptas iusto omnis mollitia et quo assumenda suscipit officia magnam sint sed tempora enim provident pariatur praesentium atque animi amet ratione,8
9,86,Placeat Quia Et Porro Iste,quasi excepturi consequatur iste autem temporibus sed molestiae beatae et quaerat et esse ut voluptatem occaecati et vel explicabo autem asperiores pariatur deserunt optio,5
9,87,Nostrum Quis Quasi Placeat,eos et molestiae nesciunt ut a dolores perspiciatis repellendus repellat aliquid magnam sint rem ipsum est,4
9,88,Sapiente Omnis Fugit Eos,consequatur omnis est praesentium ducimus non iste neque hic deserunt voluptatibus veniam cum et rerum sed,4
9,89,Sint Soluta Et Vel Magnam Aut Ut Sed Qui,repellat aut aperiam totam temporibus autem et architecto magnam ut consequatur qui cupiditate rerum quia soluta dignissimos nihil iure tempore quas est,9
9,90,Ad Iusto Omnis Odit Dolor Voluptatibus,minus omnis soluta quia qui sed adipisci voluptates illum ipsam voluptatem eligendi officia ut in eos soluta similique molestias praesentium blanditiis,6
10,92,Ratione Ex Tenetur Perferendis,aut et excepturi dicta laudantium sint rerum nihil laudantium et at a neque minima officia et similique libero et commodi voluptate qui,4
10,94,Qui Qui Voluptates Illo Iste Minima,aspernatur expedita soluta quo ab ut similique expedita dolores amet sed temporibus distinctio magnam saepe deleniti omnis facilis nam ipsum natus sint similique omnis,6
10,95,Id Minus Libero Illum Nam Ad Officiis,earum voluptatem facere provident blanditiis velit laboriosam pariatur accusamus odio saepe cumque dolor qui a dicta ab doloribus consequatur omnis corporis cupiditate eaque assumenda ad nesciunt,7
10,96,Quaerat Velit Veniam Amet Cupiditate Aut Numquam Ut Sequi,in non odio excepturi sint eum labore voluptates vitae quia qui et inventore itaque rerum veniam non exercitationem delectus aut,9
10,97,Quas Fugiat Ut Perspiciatis Vero Provident,eum non blanditiis soluta porro quibusdam voluptas vel voluptatem qui placeat dolores qui velit aut vel inventore aut cumque culpa explicabo aliquid at perspiciatis est et voluptatem dignissimos dolor itaque sit nam,6
10,99,Temporibus Sit Alias Delectus Eligendi Possimus Magni,quo deleniti praesentium dicta non quod aut est molestias molestias et officia quis nihil itaque dolorem quia,7
10,100,At Nam Consequatur Ea Labore Ea Harum,cupiditate quo est a modi nesciunt soluta ipsa voluptas error itaque dicta in autem qui minus magnam et distinctio eum accusamus ratione error aut,7
